sys_call,x86_64_name,i386_name,chosen_name,chosen_arch,mapping_status,syscall_family
0,read,restart_syscall,read,x86_64_default,x86_64_default,file_io_fs
1,write,exit,write,x86_64_default,x86_64_default,file_io_fs
3,close,read,close,x86_64_default,x86_64_default,file_io_fs
4,stat,write,stat,x86_64_default,x86_64_default,file_io_fs
5,fstat,open,fstat,x86_64_default,x86_64_default,file_io_fs
6,lstat,close,lstat,x86_64_default,x86_64_default,file_io_fs
7,poll,waitpid,poll,x86_64_default,x86_64_default,file_io_fs
9,mmap,link,mmap,x86_64_default,x86_64_default,memory
10,mprotect,unlink,mprotect,x86_64_default,x86_64_default,memory
11,munmap,execve,munmap,x86_64_default,x86_64_default,memory
12,brk,chdir,brk,x86_64_default,x86_64_default,memory
13,rt_sigaction,time,rt_sigaction,x86_64_default,x86_64_default,signal_ipc
19,readv,lseek,readv,x86_64_default,x86_64_default,file_io_fs
20,writev,getpid,writev,x86_64_default,x86_64_default,file_io_fs
26,msync,ptrace,msync,x86_64_default,x86_64_default,memory
27,mincore,alarm,mincore,x86_64_default,x86_64_default,memory
33,dup2,access,dup2,x86_64_default,x86_64_default,file_io_fs
37,alarm,kill,alarm,x86_64_default,x86_64_default,other
38,setitimer,rename,setitimer,x86_64_default,x86_64_default,other
39,getpid,mkdir,getpid,x86_64_default,x86_64_default,process_thread
40,sendfile,rmdir,sendfile,x86_64_default,x86_64_default,other
41,socket,dup,socket,x86_64_default,x86_64_default,network_socket
42,connect,pipe,connect,x86_64_default,x86_64_default,network_socket
45,recvfrom,brk,recvfrom,x86_64_default,x86_64_default,network_socket
54,setsockopt,ioctl,setsockopt,x86_64_default,x86_64_default,network_socket
57,fork,setpgid,fork,x86_64_default,x86_64_default,process_thread
60,exit,umask,exit,x86_64_default,x86_64_default,process_thread
63,uname,dup2,uname,x86_64_default,x86_64_default,other
64,semget,getppid,semget,x86_64_default,x86_64_default,signal_ipc
66,semctl,setsid,semctl,x86_64_default,x86_64_default,signal_ipc
78,getdents,gettimeofday,getdents,x86_64_default,x86_64_default,file_io_fs
85,creat,readlink,creat,x86_64_default,x86_64_default,file_io_fs
91,fchmod,munmap,fchmod,x86_64_default,x86_64_default,permissions_identity
93,fchown,ftruncate,fchown,x86_64_default,x86_64_default,permissions_identity
94,lchown,fchmod,lchown,x86_64_default,x86_64_default,permissions_identity
96,gettimeofday,getpriority,gettimeofday,x86_64_default,x86_64_default,time_timer
97,getrlimit,setpriority,getrlimit,x86_64_default,x86_64_default,other
99,sysinfo,statfs,sysinfo,x86_64_default,x86_64_default,other
102,getuid,socketcall,getuid,x86_64_default,x86_64_default,permissions_identity
104,getgid,setitimer,getgid,x86_64_default,x86_64_default,permissions_identity
114,setregid,wait4,setregid,x86_64_default,x86_64_default,permissions_identity
117,setresuid,ipc,setresuid,x86_64_default,x86_64_default,permissions_identity
118,getresuid,fsync,getresuid,x86_64_default,x86_64_default,permissions_identity
119,setresgid,sigreturn,setresgid,x86_64_default,x86_64_default,permissions_identity
120,getresgid,clone,getresgid,x86_64_default,x86_64_default,permissions_identity
122,setfsuid,uname,setfsuid,x86_64_default,x86_64_default,permissions_identity
125,capget,mprotect,capget,x86_64_default,x86_64_default,permissions_identity
132,utime,getpgid,utime,x86_64_default,x86_64_default,time_timer
133,mknod,fchdir,mknod,x86_64_default,x86_64_default,file_io_fs
140,getpriority,_llseek,getpriority,x86_64_default,x86_64_default,other
141,setpriority,getdents,setpriority,x86_64_default,x86_64_default,other
142,sched_setparam,_newselect,sched_setparam,x86_64_default,x86_64_default,process_thread
144,sched_setscheduler,msync,sched_setscheduler,x86_64_default,x86_64_default,process_thread
146,sched_get_priority_max,writev,sched_get_priority_max,x86_64_default,x86_64_default,process_thread
150,munlock,mlock,munlock,x86_64_default,x86_64_default,memory
156,_sysctl,sched_setscheduler,_sysctl,x86_64_default,x86_64_default,other
162,sync,nanosleep,sync,x86_64_default,x86_64_default,file_io_fs
163,acct,mremap,acct,x86_64_default,x86_64_default,other
168,swapoff,poll,swapoff,x86_64_default,x86_64_default,other
172,iopl,prctl,iopl,x86_64_default,x86_64_default,other
173,ioperm,rt_sigreturn,ioperm,x86_64_default,x86_64_default,other
174,create_module,rt_sigaction,create_module,x86_64_default,x86_64_default,file_io_fs
175,init_module,rt_sigprocmask,init_module,x86_64_default,x86_64_default,other
179,quotactl,rt_sigsuspend,quotactl,x86_64_default,x86_64_default,other
180,nfsservctl,pread64,nfsservctl,x86_64_default,x86_64_default,other
181,getpmsg,pwrite64,getpmsg,x86_64_default,x86_64_default,other
183,afs_syscall,getcwd,afs_syscall,x86_64_default,x86_64_default,other
184,tuxcall,capget,tuxcall,x86_64_default,x86_64_default,other
185,security,capset,security,x86_64_default,x86_64_default,other
186,gettid,sigaltstack,gettid,x86_64_default,x86_64_default,process_thread
191,getxattr,ugetrlimit,getxattr,x86_64_default,x86_64_default,file_io_fs
192,lgetxattr,mmap2,lgetxattr,x86_64_default,x86_64_default,file_io_fs
194,listxattr,ftruncate64,listxattr,x86_64_default,x86_64_default,file_io_fs
195,llistxattr,stat64,llistxattr,x86_64_default,x86_64_default,file_io_fs
196,flistxattr,lstat64,flistxattr,x86_64_default,x86_64_default,file_io_fs
197,removexattr,fstat64,removexattr,x86_64_default,x86_64_default,file_io_fs
199,fremovexattr,getuid32,fremovexattr,x86_64_default,x86_64_default,file_io_fs
200,tkill,getgid32,tkill,x86_64_default,x86_64_default,other
201,time,geteuid32,time,x86_64_default,x86_64_default,other
202,futex,getegid32,futex,x86_64_default,x86_64_default,signal_ipc
203,sched_setaffinity,setreuid32,sched_setaffinity,x86_64_default,x86_64_default,process_thread
204,sched_getaffinity,setregid32,sched_getaffinity,x86_64_default,x86_64_default,process_thread
206,io_setup,setgroups32,io_setup,x86_64_default,x86_64_default,other
207,io_destroy,fchown32,io_destroy,x86_64_default,x86_64_default,other
209,io_submit,getresuid32,io_submit,x86_64_default,x86_64_default,other
211,get_thread_area,getresgid32,get_thread_area,x86_64_default,x86_64_default,other
213,epoll_create,setuid32,epoll_create,x86_64_default,x86_64_default,network_socket
214,epoll_ctl_old,setgid32,epoll_ctl_old,x86_64_default,x86_64_default,network_socket
219,restart_syscall,madvise,restart_syscall,x86_64_default,x86_64_default,process_thread
220,semtimedop,getdents64,semtimedop,x86_64_default,x86_64_default,signal_ipc
221,fadvise64,fcntl64,fadvise64,x86_64_default,x86_64_default,file_io_fs
224,timer_gettime,gettid,timer_gettime,x86_64_default,x86_64_default,time_timer
240,mq_open,futex,mq_open,x86_64_default,x86_64_default,signal_ipc
243,mq_timedreceive,set_thread_area,mq_timedreceive,x86_64_default,x86_64_default,signal_ipc
252,ioprio_get,exit_group,ioprio_get,x86_64_default,x86_64_default,other
255,inotify_rm_watch,epoll_ctl,inotify_rm_watch,x86_64_default,x86_64_default,file_io_fs
256,migrate_pages,epoll_wait,migrate_pages,x86_64_default,x86_64_default,memory
258,mkdirat,set_tid_address,mkdirat,x86_64_default,x86_64_default,file_io_fs
265,linkat,clock_gettime,linkat,x86_64_default,x86_64_default,file_io_fs
268,fchmodat,statfs64,fchmodat,x86_64_default,x86_64_default,permissions_identity
269,faccessat,fstatfs64,faccessat,x86_64_default,x86_64_default,permissions_identity
270,pselect6,tgkill,pselect6,x86_64_default,x86_64_default,other
271,ppoll,utimes,ppoll,x86_64_default,x86_64_default,other
272,unshare,fadvise64_64,unshare,x86_64_default,x86_64_default,other
284,eventfd,waitid,eventfd,x86_64_default,x86_64_default,signal_ipc
289,signalfd4,ioprio_set,signalfd4,x86_64_default,x86_64_default,signal_ipc
292,dup3,inotify_add_watch,dup3,x86_64_default,x86_64_default,file_io_fs
293,pipe2,inotify_rm_watch,pipe2,x86_64_default,x86_64_default,signal_ipc
295,preadv,openat,preadv,x86_64_default,x86_64_default,file_io_fs
300,fanotify_init,fstatat64,fanotify_init,x86_64_default,x86_64_default,other
301,fanotify_mark,unlinkat,fanotify_mark,x86_64_default,x86_64_default,other
306,syncfs,fchmodat,syncfs,x86_64_default,x86_64_default,file_io_fs
307,sendmmsg,faccessat,sendmmsg,x86_64_default,x86_64_default,network_socket
308,setns,pselect6,setns,x86_64_default,x86_64_default,other
309,getcpu,ppoll,getcpu,x86_64_default,x86_64_default,other
311,process_vm_writev,set_robust_list,process_vm_writev,x86_64_default,x86_64_default,memory
320,,utimensat,utimensat,i386_compat_only,i386_compat_only,time_timer
324,,fallocate,fallocate,i386_compat_only,i386_compat_only,file_io_fs
328,,eventfd2,eventfd2,i386_compat_only,i386_compat_only,signal_ipc
331,,pipe2,pipe2,i386_compat_only,i386_compat_only,signal_ipc
340,,prlimit64,prlimit64,i386_compat_only,i386_compat_only,process_thread
345,,sendmmsg,sendmmsg,i386_compat_only,i386_compat_only,network_socket
